,PDF,Excel,CSV,Total,PDF,Excel,CSV,Total
Files,682,3756,3307,7745,270,3407,4912,8589
Rows,47344,298205,244455,589784,21188,286147,336594,643819
Value (£m),17021.678818,104140.882434,90961.490343,212036.076347,3315.56975,39679.945610489995,46327.588529,89315.26656148999
Mean (£k),359.5319114988171,349.22580920507704,372.0991198502792,359.5147992264965,156.48337502359826,138.66979423334857,137.6364062609553,138.72729223817564
Suppliers,2131,4828,3923,7835,1379,6864,7610,11191
