,PDF,Excel,CSV,Total,PDF,Excel,CSV,Total
Files,682,3756,3307,7745,270,3333,4870,8473
Rows,47344,298205,244455,589784,21188,283047,336805,640930
Value (£m),17021.678818,104140.882434,90961.490343,212036.076347,3315.56975,39334.46262949,46348.039694,88990.23474548999
Mean (£k),359.5319114988171,349.22580920507704,372.0991198502792,359.5147992264965,156.48337502359826,138.96795454284975,137.61090154243556,138.84548194887117
Suppliers,2125,4830,3919,7833,1376,6853,7638,11270
